{
  "AC": [
    "RIO BRANCO"
  ],
  "AL": [
    "ARAPIRACA",
    "CORURIPE",
    "MACEIO",
    "PENEDO",
    "RIO LARGO",
    "SANTANA DO IPANEMA",
    "UNIAO DOS PALMARES"
  ],
  "AM": [
    "MANACAPURU",
    "MANAUS",
    "RIO PRETO DA EVA"
  ],
  "AP": [
    "MACAPA",
    "PORTO GRANDE",
    "SANTANA",
    "TARTARUGALZINHO"
  ],
  "BA": [
    "ALAGOINHAS",
    "AMARGOSA",
    "BARREIRAS",
    "BOM JESUS DA LAPA",
    "BRUMADO",
    "CAETITE",
    "CAMACARI",
    "CANAVIEIRAS",
    "CANDEIAS",
    "CAPIM GROSSO",
    "CASA NOVA",
    "CATU",
    "CONCEICAO DA FEIRA",
    "CONCEICAO DO COITE",
    "CORACAO DE MARIA",
    "CRUZ DAS ALMAS",
    "DIAS D'AVILA",
    "ENTRE RIOS",
    "ESPLANADA",
    "EUCLIDES DA CUNHA",
    "EUNAPOLIS",
    "FEIRA DE SANTANA",
    "GANDU",
    "GUANAMBI",
    "IBIRATAIA",
    "ILHEUS",
    "IPIAU",
    "IRARA",
    "IRECE",
    "ITABERABA",
    "ITABUNA",
    "ITACARE",
    "ITAMARAJU",
    "ITAPETINGA",
    "JACOBINA",
    "JAGUAQUARA",
    "JAGUARARI",
    "JEQUIE",
    "JUAZEIRO",
    "LAURO DE FREITAS",
    "LUIS EDUARDO MAGALHAES",
    "MARACAS",
    "MATA DE SAO JOAO",
    "PAULO AFONSO",
    "POJUCA",
    "PORTO SEGURO",
    "PRESIDENTE TANCREDO NEVES",
    "SALVADOR",
    "SANTA MARIA DA VITORIA",
    "SANTO AMARO",
    "SANTO ANTONIO DE JESUS",
    "SANTO ESTEVAO",
    "SAO GONCALO DOS CAMPOS",
    "SAO SEBASTIAO DO PASSE",
    "SENHOR DO BONFIM",
    "SERRINHA",
    "SIMOES FILHO",
    "TEIXEIRA DE FREITAS",
    "VALENCA",
    "VITORIA DA CONQUISTA",
    "XIQUE-XIQUE"
  ],
  "CE": [
    "AQUIRAZ",
    "BATURITE",
    "CANINDE",
    "CASCAVEL",
    "CAUCAIA",
    "CRATO",
    "EUSEBIO",
    "FORTALEZA",
    "HORIZONTE",
    "ITAITINGA",
    "ITAPIPOCA",
    "JUAZEIRO DO NORTE",
    "LIMOEIRO DO NORTE",
    "MARACANAU",
    "MARANGUAPE",
    "PACAJUS",
    "PACOTI",
    "PARACURU",
    "PARAIPABA",
    "QUIXADA",
    "QUIXERAMOBIM",
    "SAO BENEDITO",
    "SOBRAL"
  ],
  "DF": [
    "BRASILIA"
  ],
  "ES": [
    "ARACRUZ",
    "BAIXO GUANDU",
    "CACHOEIRO DE ITAPEMIRIM",
    "CARIACICA",
    "COLATINA",
    "GUARAPARI",
    "IBATIBA",
    "IUNA",
    "LINHARES",
    "MARATAIZES",
    "NOVA VENECIA",
    "PIUMA",
    "SAO GABRIEL DA PALHA",
    "SAO JOSE DO CALCADO",
    "SAO MATEUS",
    "SERRA",
    "VIANA",
    "VILA VELHA",
    "VITORIA"
  ],
  "GO": [
    "AGUAS LINDAS DE GOIAS",
    "ALEXANIA",
    "ALTO HORIZONTE",
    "ANAPOLIS",
    "APARECIDA DE GOIANIA",
    "CALDAS NOVAS",
    "CAMPINORTE",
    "CATALAO",
    "CERES",
    "CIDADE OCIDENTAL",
    "CRISTALINA",
    "FORMOSA",
    "GOIANAPOLIS",
    "GOIANIA",
    "GOIATUBA",
    "INHUMAS",
    "ITAPACI",
    "ITUMBIARA",
    "JATAI",
    "LUZIANIA",
    "MARA ROSA",
    "MINEIROS",
    "NOVO GAMA",
    "PARANAIGUARA",
    "PLANALTINA",
    "POSSE",
    "RIO VERDE",
    "RUBIATABA",
    "SANTA TEREZINHA DE GOIAS",
    "SANTO ANTONIO DO DESCOBERTO",
    "SENADOR CANEDO",
    "SIMOLANDIA",
    "TRINDADE",
    "URUACU",
    "VALPARAISO DE GOIAS"
  ],
  "MA": [
    "ACAILANDIA",
    "BACABAL",
    "CAXIAS",
    "CODO",
    "COROATA",
    "ESTREITO",
    "GRAJAU",
    "IMPERATRIZ",
    "PACO DO LUMIAR",
    "SANTA INES",
    "SAO JOSE DE RIBAMAR",
    "SAO LUIS",
    "TIMON"
  ],
  "MG": [
    "ABAETE",
    "ABRE CAMPO",
    "AGUAS VERMELHAS",
    "ALEM PARAIBA",
    "ALFENAS",
    "ALPINOPOLIS",
    "ANDRELANDIA",
    "ARAGUARI",
    "ARAXA",
    "ARCOS",
    "BARAO DE COCAIS",
    "BARBACENA",
    "BELO HORIZONTE",
    "BETIM",
    "BRUMADINHO",
    "BURITIS",
    "CACHOEIRA DE MINAS",
    "CAETANOPOLIS",
    "CAETE",
    "CAMANDUCAIA",
    "CAMBUI",
    "CAMPESTRE",
    "CAMPINA VERDE",
    "CAMPO DO MEIO",
    "CAPINOPOLIS",
    "CARANDAI",
    "CARMO DE MINAS",
    "CATAGUASES",
    "CONFINS",
    "CONGONHAS",
    "CONSELHEIRO LAFAIETE",
    "CONSELHEIRO PENA",
    "CONTAGEM",
    "CORACAO DE JESUS",
    "CORONEL FABRICIANO",
    "CURVELO",
    "DIAMANTINA",
    "DIVINOPOLIS",
    "ENTRE RIOS DE MINAS",
    "ESMERALDAS",
    "EXTREMA",
    "FLORESTAL",
    "FORMIGA",
    "FRUTAL",
    "GOVERNADOR VALADARES",
    "GUAXUPE",
    "IBIRITE",
    "IGARAPE",
    "IGUATAMA",
    "IPATINGA",
    "ITABIRA",
    "ITABIRITO",
    "ITAJUBA",
    "ITANHANDU",
    "ITAPEVA",
    "ITAUNA",
    "ITUIUTABA",
    "ITURAMA",
    "JABOTICATUBAS",
    "JACUTINGA",
    "JANAUBA",
    "JANUARIA",
    "JOAO MONLEVADE",
    "JOAO PINHEIRO",
    "JUATUBA",
    "JUIZ DE FORA",
    "LAGAMAR",
    "LAGOA DA PRATA",
    "LAGOA SANTA",
    "LAVRAS",
    "LEOPOLDINA",
    "MANHUACU",
    "MANHUMIRIM",
    "MARIANA",
    "MARIO CAMPOS",
    "MATEUS LEME",
    "MATIAS BARBOSA",
    "MATOZINHOS",
    "MONTE ALEGRE DE MINAS",
    "MONTES CLAROS",
    "MURIAE",
    "MUZAMBINHO",
    "NANUQUE",
    "NEPOMUCENO",
    "NOVA LIMA",
    "OLIVEIRA",
    "OURO BRANCO",
    "OURO FINO",
    "OURO PRETO",
    "PARA DE MINAS",
    "PARACATU",
    "PARAGUACU",
    "PARAOPEBA",
    "PASSOS",
    "PATOS DE MINAS",
    "PATROCINIO",
    "PEDRO LEOPOLDO",
    "PERDOES",
    "PIRAPORA",
    "PITANGUI",
    "POCOS DE CALDAS",
    "PONTE NOVA",
    "POUSO ALEGRE",
    "PRESIDENTE OLEGARIO",
    "RAPOSOS",
    "RIBEIRAO DAS NEVES",
    "RIO ACIMA",
    "SABARA",
    "SANTA BARBARA",
    "SANTA JULIANA",
    "SANTA LUZIA",
    "SANTA MARIA DO SUACUI",
    "SANTA RITA DO SAPUCAI",
    "SANTANA DO PARAISO",
    "SANTO ANTONIO DO AMPARO",
    "SANTOS DUMONT",
    "SAO DOMINGOS DO PRATA",
    "SAO GONCALO DO SAPUCAI",
    "SAO JOAO DEL REI",
    "SAO JOAO EVANGELISTA",
    "SAO JOAQUIM DE BICAS",
    "SAO JOSE DA LAPA",
    "SAO LOURENCO",
    "SAO SEBASTIAO DO PARAISO",
    "SARZEDO",
    "SERRA DO SALITRE",
    "SETE LAGOAS",
    "TAIOBEIRAS",
    "TEOFILO OTONI",
    "TIMOTEO",
    "TRES CORACOES",
    "TRES PONTAS",
    "TUPACIGUARA",
    "UBA",
    "UBERABA",
    "UBERLANDIA",
    "UNAI",
    "VARGINHA",
    "VAZANTE",
    "VESPASIANO",
    "VICOSA"
  ],
  "MS": [
    "BATAGUASSU",
    "CAMPO GRANDE",
    "CHAPADAO DO SUL",
    "CORUMBA",
    "DOURADOS",
    "MUNDO NOVO",
    "NAVIRAI",
    "SAO GABRIEL DO OESTE",
    "TRES LAGOAS"
  ],
  "MT": [
    "AGUA BOA",
    "ALTO TAQUARI",
    "ARIPUANA",
    "BARRA DO GARCAS",
    "CAMPO NOVO DO PARECIS",
    "CAMPO VERDE",
    "CUIABA",
    "GUARANTA DO NORTE",
    "JACIARA",
    "JUARA",
    "JUINA",
    "LUCAS DO RIO VERDE",
    "PONTES E LACERDA",
    "PRIMAVERA DO LESTE",
    "QUERENCIA",
    "RONDONOPOLIS",
    "SINOP",
    "SORRISO",
    "TANGARA DA SERRA",
    "VARZEA GRANDE"
  ],
  "PA": [
    "ABAETETUBA",
    "ALTAMIRA",
    "ANANINDEUA",
    "BARCARENA",
    "BELEM",
    "BENEVIDES",
    "CANAA DOS CARAJAS",
    "CAPANEMA",
    "CASTANHAL",
    "CURIONOPOLIS",
    "IGARAPE-MIRI",
    "MARABA",
    "MARITUBA",
    "OURILANDIA DO NORTE",
    "PARAGOMINAS",
    "PARAUAPEBAS",
    "SANTA IZABEL DO PARA",
    "SANTAREM",
    "TUCURUI",
    "XINGUARA"
  ],
  "PB": [
    "BAYEUX",
    "CABEDELO",
    "CAMPINA GRANDE",
    "JOAO PESSOA",
    "PATOS",
    "QUEIMADAS",
    "SANTA RITA"
  ],
  "PE": [
    "ABREU E LIMA",
    "AFOGADOS DA INGAZEIRA",
    "ARCOVERDE",
    "BARREIROS",
    "BELO JARDIM",
    "BOM CONSELHO",
    "CABO DE SANTO AGOSTINHO",
    "CAMARAGIBE",
    "CARPINA",
    "CARUARU",
    "ESCADA",
    "GARANHUNS",
    "GOIANA",
    "GRAVATA",
    "IGARASSU",
    "ILHA DE ITAMARACA",
    "IPOJUCA",
    "JABOATAO DOS GUARARAPES",
    "LIMOEIRO",
    "MORENO",
    "NAZARE DA MATA",
    "OLINDA",
    "PALMARES",
    "PAUDALHO",
    "PAULISTA",
    "PESQUEIRA",
    "PETROLINA",
    "RECIFE",
    "RIBEIRAO",
    "SALGUEIRO",
    "SAO LOURENCO DA MATA",
    "SERRA TALHADA",
    "VITORIA DE SANTO ANTAO"
  ],
  "PI": [
    "BOM JESUS",
    "PARNAIBA",
    "PICOS",
    "PIRIPIRI",
    "TERESINA"
  ],
  "PR": [
    "ALMIRANTE TAMANDARE",
    "ANTONINA",
    "APUCARANA",
    "ARAPONGAS",
    "ARAPOTI",
    "ARAUCARIA",
    "ASSIS CHATEAUBRIAND",
    "BALSA NOVA",
    "CAMBE",
    "CAMPINA GRANDE DO SUL",
    "CAMPO LARGO",
    "CAMPO MAGRO",
    "CAMPO MOURAO",
    "CARAMBEI",
    "CASCAVEL",
    "CASTRO",
    "CHOPINZINHO",
    "CIANORTE",
    "COLOMBO",
    "CURITIBA",
    "FAZENDA RIO GRANDE",
    "FOZ DO IGUACU",
    "FRANCISCO BELTRAO",
    "GUARAPUAVA",
    "GUARATUBA",
    "IBIPORA",
    "IRATI",
    "JACAREZINHO",
    "JAGUARIAIVA",
    "JANDAIA DO SUL",
    "LAPA",
    "LOANDA",
    "LONDRINA",
    "MANDAGUARI",
    "MANDIRITUBA",
    "MARECHAL CANDIDO RONDON",
    "MARIALVA",
    "MARINGA",
    "MATINHOS",
    "MEDIANEIRA",
    "MORRETES",
    "PAICANDU",
    "PALMEIRA",
    "PARANAGUA",
    "PARANAVAI",
    "PATO BRANCO",
    "PIEN",
    "PINHAIS",
    "PIRAI DO SUL",
    "PIRAQUARA",
    "PONTA GROSSA",
    "QUATRO BARRAS",
    "RIO BRANCO DO SUL",
    "RIO NEGRO",
    "SABAUDIA",
    "SANTO ANTONIO DA PLATINA",
    "SAO JOSE DOS PINHAIS",
    "SAO MATEUS DO SUL",
    "SARANDI",
    "SERTANOPOLIS",
    "SIQUEIRA CAMPOS",
    "TELEMACO BORBA",
    "TIJUCAS DO SUL",
    "TOLEDO",
    "UMUARAMA",
    "WENCESLAU BRAZ"
  ],
  "RJ": [
    "ANGRA DOS REIS",
    "ARARUAMA",
    "AREAL",
    "ARMACAO DOS BUZIOS",
    "ARRAIAL DO CABO",
    "BARRA DO PIRAI",
    "BARRA MANSA",
    "BELFORD ROXO",
    "BOM JARDIM",
    "BOM JESUS DO ITABAPOANA",
    "CABO FRIO",
    "CACHOEIRAS DE MACACU",
    "CAMPOS DOS GOYTACAZES",
    "CANTAGALO",
    "CARAPEBUS",
    "CARDOSO MOREIRA",
    "CARMO",
    "CASIMIRO DE ABREU",
    "CONCEICAO DE MACABU",
    "CORDEIRO",
    "DUQUE DE CAXIAS",
    "GUAPIMIRIM",
    "IGUABA GRANDE",
    "ITABORAI",
    "ITAGUAI",
    "ITALVA",
    "ITAOCARA",
    "ITAPERUNA",
    "ITATIAIA",
    "JAPERI",
    "MACAE",
    "MAGE",
    "MANGARATIBA",
    "MARICA",
    "MESQUITA",
    "MIGUEL PEREIRA",
    "MIRACEMA",
    "NATIVIDADE",
    "NILOPOLIS",
    "NITEROI",
    "NOVA FRIBURGO",
    "NOVA IGUACU",
    "PARACAMBI",
    "PARAIBA DO SUL",
    "PARATY",
    "PATY DO ALFERES",
    "PETROPOLIS",
    "PINHEIRAL",
    "PIRAI",
    "PORCIUNCULA",
    "PORTO REAL",
    "QUATIS",
    "QUEIMADOS",
    "QUISSAMA",
    "RESENDE",
    "RIO BONITO",
    "RIO CLARO",
    "RIO DAS OSTRAS",
    "RIO DE JANEIRO",
    "SANTO ANTONIO DE PADUA",
    "SAO FIDELIS",
    "SAO FRANCISCO DE ITABAPOANA",
    "SAO GONCALO",
    "SAO JOAO DA BARRA",
    "SAO JOAO DE MERITI",
    "SAO JOSE DO VALE DO RIO PRETO",
    "SAO PEDRO DA ALDEIA",
    "SAPUCAIA",
    "SAQUAREMA",
    "SEROPEDICA",
    "SILVA JARDIM",
    "TANGUA",
    "TERESOPOLIS",
    "TRES RIOS",
    "VALENCA",
    "VASSOURAS",
    "VOLTA REDONDA"
  ],
  "RN": [
    "ACU",
    "ALTO DO RODRIGUES",
    "AREIA BRANCA",
    "CAICO",
    "CEARA-MIRIM",
    "CURRAIS NOVOS",
    "GOIANINHA",
    "GUAMARE",
    "MACAIBA",
    "MACAU",
    "MOSSORO",
    "NATAL",
    "NOVA CRUZ",
    "PARNAMIRIM",
    "PAU DOS FERROS",
    "SANTA CRUZ",
    "SANTO ANTONIO",
    "SAO GONCALO DO AMARANTE",
    "SAO JOSE DE MIPIBU",
    "SAO PAULO DO POTENGI",
    "TOUROS"
  ],
  "RO": [
    "ARIQUEMES",
    "CACOAL",
    "JARU",
    "JI-PARANA",
    "PORTO VELHO",
    "VILHENA"
  ],
  "RR": [
    "BOA VISTA"
  ],
  "RS": [
    "ALVORADA",
    "BAGE",
    "CACHOEIRINHA",
    "CAMAQUA",
    "CAMPO BOM",
    "CANDELARIA",
    "CANOAS",
    "CAPAO DA CANOA",
    "CARAZINHO",
    "CAXIAS DO SUL",
    "CHARQUEADAS",
    "ERECHIM",
    "ESTEIO",
    "FARROUPILHA",
    "FLORES DA CUNHA",
    "GARIBALDI",
    "GRAMADO",
    "GRAVATAI",
    "GUAIBA",
    "HORIZONTINA",
    "IGREJINHA",
    "IJUI",
    "IVOTI",
    "LAJEADO",
    "MARAU",
    "NOVA PRATA",
    "NOVA SANTA RITA",
    "NOVO HAMBURGO",
    "OSORIO",
    "PASSO FUNDO",
    "PELOTAS",
    "PORTO ALEGRE",
    "QUARAI",
    "RIO GRANDE",
    "SANTA CRUZ DO SUL",
    "SANTA MARIA",
    "SANTANA DO LIVRAMENTO",
    "SAO BORJA",
    "SAO LEOPOLDO",
    "SAPIRANGA",
    "SAPUCAIA DO SUL",
    "TAQUARA",
    "TORRES",
    "TRAMANDAI",
    "URUGUAIANA",
    "VIAMAO"
  ],
  "SC": [
    "BALNEARIO CAMBORIU",
    "BARRA VELHA",
    "BIGUACU",
    "BLUMENAU",
    "BOMBINHAS",
    "BRUSQUE",
    "CAMBORIU",
    "CANOINHAS",
    "CHAPECO",
    "CONCORDIA",
    "CRICIUMA",
    "CURITIBANOS",
    "FLORIANOPOLIS",
    "ICARA",
    "IMBITUBA",
    "ITAJAI",
    "ITAPEMA",
    "ITAPOA",
    "JARAGUA DO SUL",
    "JOINVILLE",
    "LAGES",
    "MAFRA",
    "NAVEGANTES",
    "OTACILIO COSTA",
    "PALHOCA",
    "PORTO UNIAO",
    "RIO DO SUL",
    "RIO NEGRINHO",
    "SANTO AMARO DA IMPERATRIZ",
    "SAO BENTO DO SUL",
    "SAO FRANCISCO DO SUL",
    "SAO JOSE",
    "SAO LOURENCO DO OESTE",
    "SAO MIGUEL DO OESTE",
    "TIJUCAS",
    "VIDEIRA",
    "XAXIM"
  ],
  "SE": [
    "ARACAJU",
    "ESTANCIA",
    "ITABAIANA",
    "LAGARTO",
    "NOSSA SENHORA DO SOCORRO"
  ],
  "SP": [
    "ADAMANTINA",
    "AGUAI",
    "AGUAS DE LINDOIA",
    "AGUDOS",
    "ALTINOPOLIS",
    "AMERICANA",
    "AMERICO BRASILIENSE",
    "AMPARO",
    "ANDRADINA",
    "ANGATUBA",
    "APARECIDA",
    "APIAI",
    "ARACARIGUAMA",
    "ARACATUBA",
    "ARARAQUARA",
    "ARARAS",
    "AREALVA",
    "ARTUR NOGUEIRA",
    "ARUJA",
    "ASSIS",
    "ATIBAIA",
    "AVARE",
    "BADY BASSITT",
    "BARRA BONITA",
    "BARRETOS",
    "BARUERI",
    "BATATAIS",
    "BAURU",
    "BEBEDOURO",
    "BERTIOGA",
    "BIRIGUI",
    "BIRITIBA MIRIM",
    "BOITUVA",
    "BOM JESUS DOS PERDOES",
    "BOTUCATU",
    "BRAGANCA PAULISTA",
    "BRODOWSKI",
    "BROTAS",
    "BURI",
    "CABREUVA",
    "CACAPAVA",
    "CACHOEIRA PAULISTA",
    "CAIEIRAS",
    "CAJAMAR",
    "CAJATI",
    "CAJURU",
    "CAMPINAS",
    "CAMPO LIMPO PAULISTA",
    "CAMPOS DO JORDAO",
    "CANANEIA",
    "CAPELA DO ALTO",
    "CAPIVARI",
    "CARAGUATATUBA",
    "CARAPICUIBA",
    "CARDOSO",
    "CATANDUVA",
    "CERQUILHO",
    "CESARIO LANGE",
    "COSMOPOLIS",
    "COTIA",
    "CRAVINHOS",
    "CRISTAIS PAULISTA",
    "CRUZEIRO",
    "CUBATAO",
    "CUNHA",
    "DESCALVADO",
    "DIADEMA",
    "DRACENA",
    "ELIAS FAUSTO",
    "EMBU DAS ARTES",
    "EMBU-GUACU",
    "ESPIRITO SANTO DO PINHAL",
    "FARTURA",
    "FERNANDOPOLIS",
    "FERRAZ DE VASCONCELOS",
    "FRANCA",
    "FRANCISCO MORATO",
    "FRANCO DA ROCHA",
    "GUAIRA",
    "GUARAREMA",
    "GUARATINGUETA",
    "GUARIBA",
    "GUARUJA",
    "GUARULHOS",
    "HOLAMBRA",
    "HORTOLANDIA",
    "IBATE",
    "IBITINGA",
    "IBIUNA",
    "IGARAPAVA",
    "IGARATA",
    "ILHA COMPRIDA",
    "ILHA SOLTEIRA",
    "ILHABELA",
    "INDAIATUBA",
    "IPERO",
    "IRACEMAPOLIS",
    "ITAJOBI",
    "ITANHAEM",
    "ITAPECERICA DA SERRA",
    "ITAPETININGA",
    "ITAPEVA",
    "ITAPEVI",
    "ITAPIRA",
    "ITAPOLIS",
    "ITAQUAQUECETUBA",
    "ITARARE",
    "ITATIBA",
    "ITU",
    "ITUPEVA",
    "ITUVERAVA",
    "JABOTICABAL",
    "JACAREI",
    "JACUPIRANGA",
    "JAGUARIUNA",
    "JALES",
    "JANDIRA",
    "JARDINOPOLIS",
    "JARINU",
    "JAU",
    "JOANOPOLIS",
    "JOSE BONIFACIO",
    "JUNDIAI",
    "LARANJAL PAULISTA",
    "LEME",
    "LENCOIS PAULISTA",
    "LIMEIRA",
    "LINS",
    "LORENA",
    "LOUVEIRA",
    "MACATUBA",
    "MAIRINQUE",
    "MAIRIPORA",
    "MARILIA",
    "MARTINOPOLIS",
    "MATAO",
    "MAUA",
    "MIRASSOL",
    "MOCOCA",
    "MOGI DAS CRUZES",
    "MOGI GUACU",
    "MOGI MIRIM",
    "MONGAGUA",
    "MONTE ALEGRE DO SUL",
    "MONTE ALTO",
    "MONTE APRAZIVEL",
    "MONTE MOR",
    "MORRO AGUDO",
    "MORUNGABA",
    "NAZARE PAULISTA",
    "NOVA GRANADA",
    "NOVA ODESSA",
    "NOVO HORIZONTE",
    "OLIMPIA",
    "ORLANDIA",
    "OSASCO",
    "OURINHOS",
    "PALMARES PAULISTA",
    "PARAGUACU PAULISTA",
    "PARAISO",
    "PATROCINIO PAULISTA",
    "PAULINIA",
    "PEDERNEIRAS",
    "PEDREIRA",
    "PENAPOLIS",
    "PERUIBE",
    "PIEDADE",
    "PILAR DO SUL",
    "PINDAMONHANGABA",
    "PINHALZINHO",
    "PIQUETE",
    "PIRACAIA",
    "PIRACICABA",
    "PIRAPORA DO BOM JESUS",
    "PIRASSUNUNGA",
    "PITANGUEIRAS",
    "POA",
    "PORTO FELIZ",
    "PORTO FERREIRA",
    "POTIRENDABA",
    "PRAIA GRANDE",
    "PRESIDENTE PRUDENTE",
    "PRESIDENTE VENCESLAU",
    "PROMISSAO",
    "QUELUZ",
    "RANCHARIA",
    "REGISTRO",
    "RESTINGA",
    "RIBEIRAO BONITO",
    "RIBEIRAO PIRES",
    "RIBEIRAO PRETO",
    "RINOPOLIS",
    "RIO CLARO",
    "RIO DAS PEDRAS",
    "RIO GRANDE DA SERRA",
    "SALESOPOLIS",
    "SALTO",
    "SALTO DE PIRAPORA",
    "SANTA ADELIA",
    "SANTA BARBARA D'OESTE",
    "SANTA CRUZ DAS PALMEIRAS",
    "SANTA CRUZ DO RIO PARDO",
    "SANTA FE DO SUL",
    "SANTA GERTRUDES",
    "SANTA ISABEL",
    "SANTANA DE PARNAIBA",
    "SANTO ANDRE",
    "SANTO ANTONIO DE POSSE",
    "SANTOS",
    "SAO BENTO DO SAPUCAI",
    "SAO BERNARDO DO CAMPO",
    "SAO CAETANO DO SUL",
    "SAO CARLOS",
    "SAO JOAO DA BOA VISTA",
    "SAO JOSE DO RIO PARDO",
    "SAO JOSE DO RIO PRETO",
    "SAO JOSE DOS CAMPOS",
    "SAO LUIZ DO PARAITINGA",
    "SAO MIGUEL ARCANJO",
    "SAO PAULO",
    "SAO ROQUE",
    "SAO SEBASTIAO",
    "SAO VICENTE",
    "SERRA NEGRA",
    "SERRANA",
    "SERTAOZINHO",
    "SEVERINIA",
    "SOCORRO",
    "SOROCABA",
    "SUMARE",
    "SUZANO",
    "TABOAO DA SERRA",
    "TAQUARITINGA",
    "TATUI",
    "TAUBATE",
    "TEODORO SAMPAIO",
    "TIETE",
    "TREMEMBE",
    "TUIUTI",
    "TUPA",
    "UBATUBA",
    "URANIA",
    "VALINHOS",
    "VARGEM GRANDE PAULISTA",
    "VARZEA PAULISTA",
    "VINHEDO",
    "VOTORANTIM",
    "VOTUPORANGA"
  ],
  "TO": [
    "ALVORADA",
    "ARAGUAINA",
    "PALMAS",
    "PORTO NACIONAL"
  ]
}